relative_path,filename,ext,size_bytes,sha256,triangles,bbox_x_mm,bbox_y_mm,bbox_z_mm,tier,print_group,material,uncertainty,note,human_check
unsorted_stl_raw/camera_blower_duct.scad,camera_blower_duct.scad,scad,3814,49e5aa9ff4e8ebacb766a970dfc79190f68109ff480b7c23d8deb3f2cfe518a0,,,,,UNCERTAIN,pending_camera,PETG,high,"Parametric OpenSCAD duct - SOURCE, not sliceable; render STL after measuring","GATE C (research/design task): measure the REAL camera (SSC338Q+IMX335, on hand) and blower (in transit) with calipers - never trust product-page dims; full measurement checklist in FIRST_PRINT_DECISION.md"
unsorted_stl_raw/OpenRC F1 2022 F104 Rims + Wheelfin - 5414118/Front_Locking_Nut_F1_2022.stl,Front_Locking_Nut_F1_2022.stl,stl,3079984,5664042f1dadb30df026d20a28f38866f268c1b1d44f229afc5b3133fcb4bccb,61598,11.5,11.5,7.9,REQUIRED,04_PETG_wheels,PETG,low,Printed rim set (Thingiverse 5414118); qty 2 each final,
unsorted_stl_raw/OpenRC F1 2022 F104 Rims + Wheelfin - 5414118/Front_Right_Wheel_Hub_2022_F104.stl,Front_Right_Wheel_Hub_2022_F104.stl,stl,656384,f01a897fe484ad0c5051820a6558de166f9c8cc91534cb512cfffe9bb6a58bd2,13126,28.0,64.0,56.0,REQUIRED,04_PETG_wheels,PETG,low,Only RIGHT hub exists - mirror in Bambu Studio for the left,verify mirrored copy bearing seat 8x12x3.5 too
unsorted_stl_raw/OpenRC F1 2022 F104 Rims + Wheelfin - 5414118/Front_Rim_F1_2022.stl,Front_Rim_F1_2022.stl,stl,2006884,ae41b3cd9834dbd5cb577ab37e8003c2ae4f3ea04bd00fd589f33535a571a007,40136,44.0,44.0,30.0,REQUIRED,04_PETG_wheels,PETG,low,Printed rim set (Thingiverse 5414118); qty 2 each final,
unsorted_stl_raw/OpenRC F1 2022 F104 Rims + Wheelfin - 5414118/Rear_Locking_Nut_F1_2022.stl,Rear_Locking_Nut_F1_2022.stl,stl,3014984,289de4843dfe87399ef95c9d4ecf97a356074657bcfe3d9b1f635ea8db758e60,60298,11.5,11.5,10.7,REQUIRED,04_PETG_wheels,PETG,low,Printed rim set (Thingiverse 5414118); qty 2 each final,
unsorted_stl_raw/OpenRC F1 2022 F104 Rims + Wheelfin - 5414118/Rear_Rim_F1_2022.stl,Rear_Rim_F1_2022.stl,stl,1299784,db1fae93eb0d7aa4500fa122a976f54909e9f3e62214afb4355026c7d8d7e8bf,25994,47.0,47.0,35.5,REQUIRED,04_PETG_wheels,PETG,low,Printed rim set (Thingiverse 5414118); qty 2 each final,
unsorted_stl_raw/RC-01 Revision 1 Files/Body Upgrades/2024 Revised Front Wing.ipt,2024 Revised Front Wing.ipt,ipt,891904,fce33882361513658c114c2deedf0cc35b1ac63ed73b785e222eb48beafb3c9d,,,,,REFERENCE,,,low,Autodesk Inventor CAD source,
unsorted_stl_raw/RC-01 Revision 1 Files/Body Upgrades/2024 Revised Front Wing.stl,2024 Revised Front Wing.stl,stl,2208584,1f4f20c8fd5632cde00d382ea6c50c4eb075021194766a3b3494a870aa76b1d5,44170,72.5,181.1,28.0,DUPLICATE,,,medium,Identical-name duplicate; canonical copy under 'Original + Revision 1',
unsorted_stl_raw/RC-01 Revision 1 Files/Body Upgrades/FRONTNOSE2021.stl,FRONTNOSE2021.stl,stl,608484,750a54b0045063bbf9cd0dc6fb970fec0e37aad0860d3cdcb3f9b9a114ceaaed,12168,129.0,42.0,127.9,REJECTED_LIVERY,,,low,2021-era body/aero,
unsorted_stl_raw/RC-01 Revision 1 Files/Body Upgrades/FRONTNOSE2024.ipt,FRONTNOSE2024.ipt,ipt,444928,fe0458b93264dac5d38c46021adf53bad9b2a94e55e5971c7f11597ccd1b8f2d,,,,,REFERENCE,,,low,Autodesk Inventor CAD source,
unsorted_stl_raw/RC-01 Revision 1 Files/Body Upgrades/FRONTNOSE2024.stl,FRONTNOSE2024.stl,stl,434484,497c6856ca98c64952e786b1ea37a56ef732a042d14675df91a23b52d49079e8,8688,129.0,42.0,127.9,REQUIRED,06_PLA_body_shell,PLA white/grey,medium,Separate silver-nose piece - drawing [5] 'Revised Front Nose'; 2024-body README: nose bolts to front floor (Gate B front resolved 2026-07-10),final visual confirm in slicer next to NEW BODY 2024 FRONT 1 before printing (no duplicated geometry)
unsorted_stl_raw/RC-01 Revision 1 Files/Body Upgrades/MCL60 2023 Rear Wing.stl,MCL60 2023 Rear Wing.stl,stl,1504384,699a7c1b180fe38e28063c02aed22239f857c193e4c9ae926240275f74c137e9,30086,108.5,40.8,75.0,DUPLICATE,,,medium,Identical-name duplicate; canonical copy under 'Original + Revision 1',
unsorted_stl_raw/RC-01 Revision 1 Files/Body Upgrades/RCRNewRearCover rev1.stl,RCRNewRearCover rev1.stl,stl,201184,c651cf208b63d74ef1aa9c057d239eed15bfab6fcf8436c512a2be371e6b97a0,4022,111.1,105.0,62.1,REJECTED_SUPERSEDED,,,low,Old rear covers - 2024 REAR shell replaces them,
unsorted_stl_raw/RC-01 Revision 1 Files/Body Upgrades/OldVersions/FRONTNOSE2024.0002.ipt,FRONTNOSE2024.0002.ipt,ipt,444928,c4166e42d1a9210366f1647e83994f1cc1516a65b5896000d463a2e5f22262d5,,,,,REFERENCE,,,low,Autodesk Inventor CAD source,
unsorted_stl_raw/RC-01 Revision 1 Files/Extra Parts/fulldrivercut2.stl,fulldrivercut2.stl,stl,50501084,e14aff0481621a34806f3e530ef4ac873f3b8da450b904c5b4c542024c21c547,1010020,64.2,31.4,28.6,DUPLICATE,,,low,Identical-name duplicate; canonical copy under 'Original + Revision 1',
unsorted_stl_raw/RC-01 Revision 1 Files/Extra Parts/wall mount.stl,wall mount.stl,stl,155484,5fedaf2f14be04b9a9b513f732a33b05f39ed4aa1609659e62879521bd4f306d,3108,75.0,62.0,15.0,DUPLICATE,,,low,Identical-name duplicate; canonical copy under 'Original + Revision 1',
unsorted_stl_raw/RC-01 Revision 1 Files/Floor Upgrades/NewBackFloorSuspension UpgradeBack REVISION 1.stl,NewBackFloorSuspension UpgradeBack REVISION 1.stl,stl,88034,03c591187d081b2e4ff3afb6ddad2ccf68bfaf6192b070a1c6e2799b574e803b,1759,74.6,8.1,68.0,DUPLICATE,,,low,Identical-name duplicate; canonical copy under 'Original + Revision 1',
unsorted_stl_raw/RC-01 Revision 1 Files/Floor Upgrades/NewBackFloorSuspension UpgradeFront3 REVISION 1.stl,NewBackFloorSuspension UpgradeFront3 REVISION 1.stl,stl,168084,7116afc1185870a381ff459154d64550f67edb806d04ca48e94e8746c4ef9def,3360,116.8,8.0,137.0,DUPLICATE,,,low,Identical-name duplicate; canonical copy under 'Original + Revision 1',
unsorted_stl_raw/RC-01 Revision 1 Files/Floor Upgrades/NewFrontFloorSuspensionUpgrade REVISION 1.stl,NewFrontFloorSuspensionUpgrade REVISION 1.stl,stl,263684,4f76ecfe9f1248c3d6406f770d0289fd3f95c9b6bbe6d18b8fc4ac4a5642b72e,5272,182.0,8.0,137.0,DUPLICATE,,,low,Identical-name duplicate; canonical copy under 'Original + Revision 1',
unsorted_stl_raw/RC-01 Revision 1 Files/Front Axle Upgrades/ARM1 extended bottom.stl,ARM1 extended bottom.stl,stl,32084,e1a7d22445541f1cabb9e5c8a1fc2149c52332a8a017a9eeca50e78ff11c7be9,640,44.8,12.0,50.6,REJECTED_WRONG_CHASSIS,,,low,Revision-1 front axle upgrade set - locked config uses original front,
unsorted_stl_raw/RC-01 Revision 1 Files/Front Axle Upgrades/ARM1 extended.stl,ARM1 extended.stl,stl,30484,d54d9f633b1bc67a732fc125410d09086becd125117f3a232d38e2c9523f43e2,608,44.8,2.5,50.6,DUPLICATE,,,low,Identical-name duplicate; canonical copy under 'Original + Revision 1',
unsorted_stl_raw/RC-01 Revision 1 Files/Front Axle Upgrades/Armblock.stl,Armblock.stl,stl,92884,046b9e21950c86c3e1dbe1ea2de89cca7a204ef93d7cfe6d2558d0e52f1b5854,1856,42.8,32.0,34.5,DUPLICATE,,,low,Identical-name duplicate; canonical copy under 'Original + Revision 1',
unsorted_stl_raw/RC-01 Revision 1 Files/Front Axle Upgrades/Servomount for steering bottom.stl,Servomount for steering bottom.stl,stl,32284,c3385b8e16c50507d6042af11abf17daf0fb31c4a1577c816c5fffff1595cb0a,644,25.0,2.0,10.0,REJECTED_WRONG_CHASSIS,,,low,Revision-1 front axle upgrade set - locked config uses original front,
unsorted_stl_raw/RC-01 Revision 1 Files/Front Axle Upgrades/Servomount for steering.stl,Servomount for steering.stl,stl,65384,370dbe6f67aef626c3fbbb50063794dbb22521e99dd4401a1675bf85169d5a58,1306,25.0,8.0,23.0,REJECTED_WRONG_CHASSIS,,,low,Revision-1 front axle upgrade set - locked config uses original front,
unsorted_stl_raw/RC-01 Revision 1 Files/Front Axle Upgrades/Steering Arm 1.stl,Steering Arm 1.stl,stl,99884,247a60535a5adadc860bc3225a84499a91444c166bb2b14507f8ad52c9108309,1996,34.7,17.0,36.0,REJECTED_WRONG_CHASSIS,,,low,Revision-1 front axle upgrade set - locked config uses original front,
unsorted_stl_raw/RC-01 Revision 1 Files/Front Axle Upgrades/Steering Block 12x5x3 Bearings .stl,Steering Block 12x5x3 Bearings .stl,stl,186084,fecd180b0d941c8dd714b967e7edee4fc46d4eadc7defda8977a6c9cd9eaf539,3720,36.0,17.0,34.7,REJECTED_WRONG_CHASSIS,,,low,Revision-1 front axle upgrade set - locked config uses original front,
unsorted_stl_raw/RC-01 Revision 1 Files/Rear Axle Upgrades/Axle Main no grubs.stl,Axle Main no grubs.stl,stl,49784,98e349761ff84640d9eee06150d110a100ba7300d13322b56169c503df2e564e,994,11.2,115.0,15.0,DUPLICATE,,,medium,Identical-name duplicate; canonical copy under 'Original + Revision 1',
unsorted_stl_raw/RC-01 Revision 1 Files/Rear Axle Upgrades/Diffuser backplate.ipt,Diffuser backplate.ipt,ipt,302080,ae77c770609c428e50fa43eabeeb0161b968e1062957478f689aa0a287e778d6,,,,,REFERENCE,,,low,Autodesk Inventor CAD source,
unsorted_stl_raw/RC-01 Revision 1 Files/Rear Axle Upgrades/Diffuser backplate.stl,Diffuser backplate.stl,stl,525884,4272c5462083667e1d7b46d07d3e79d6bba01e2b066e0d4d967e12bc04fa07f6,10516,68.0,40.0,43.5,DUPLICATE,,,medium,Identical-name duplicate; canonical copy under 'Original + Revision 1',
unsorted_stl_raw/RC-01 Revision 1 Files/Rear Axle Upgrades/F104 tyreslot1 no grubs.stl,F104 tyreslot1 no grubs.stl,stl,29484,7df0a3c70f4b2068ccb0b5e9dede7056433035110850c073c8123717c6ffcca9,588,15.7,33.0,13.7,REJECTED_SUPERSEDED,,,low,Superseded by the 'tighter' Rev1.1 adapters,
unsorted_stl_raw/RC-01 Revision 1 Files/Rear Axle Upgrades/F104 tyreslot2 no grubs.stl,F104 tyreslot2 no grubs.stl,stl,28284,f28043f9913ee99a819a1c9a57b1814007bd44f88a6c4538289968e8b70d535c,564,15.7,19.0,13.7,REJECTED_SUPERSEDED,,,low,Superseded by the 'tighter' Rev1.1 adapters,
unsorted_stl_raw/RC-01 Revision 1 Files/Rear Axle Upgrades/Rear Back Motor Cover REVISION 1.stl,Rear Back Motor Cover REVISION 1.stl,stl,52684,e3b29ea27cabe8910134c730fde059192597a17e9b3e9df0ce5cfe1f8a912166,1052,6.5,25.0,54.8,DUPLICATE,,,medium,Identical-name duplicate; canonical copy under 'Original + Revision 1',
unsorted_stl_raw/RC-01 Revision 1 Files/Rear Axle Upgrades/Rear Left Motor Cover REVISION 1.stl,Rear Left Motor Cover REVISION 1.stl,stl,83984,ae0f10b83aae8ba56676506f3071ff406d9766c3f72fc1c4cf9a3bcec6f5f2b4,1678,70.5,40.0,6.5,DUPLICATE,,,medium,Identical-name duplicate; canonical copy under 'Original + Revision 1',
unsorted_stl_raw/RC-01 Revision 1 Files/Rear Axle Upgrades/Rear Right Motor Cover REVISION 1.stl,Rear Right Motor Cover REVISION 1.stl,stl,80184,9a1655dbbcc2ba35628aa675f21fb685b1a1bc2cce07d9372ab3d57ddf441188,1602,70.5,40.0,6.5,DUPLICATE,,,medium,Identical-name duplicate; canonical copy under 'Original + Revision 1',
unsorted_stl_raw/RC-01 Revision 1 Files/Rear Axle Upgrades/Spring Block.stl,Spring Block.stl,stl,103884,e06573bdd4f1584ba313ee191f831cb6a61f9148890f16c2666230e0300074ea,2076,44.5,22.0,54.0,DUPLICATE,,,high,Identical-name duplicate; canonical copy under 'Original + Revision 1',
unsorted_stl_raw/RC-01 Revision 1 Files/Rear Axle Upgrades/Spring mount 2 REVISION 1.stl,Spring mount 2 REVISION 1.stl,stl,117884,559f847088c3a71c2d4f7e2e6d26b3101f4e1ede0ba6be24647ab466f8bb4242,2356,24.7,22.5,34.8,DUPLICATE,,,high,Identical-name duplicate; canonical copy under 'Original + Revision 1',
unsorted_stl_raw/RC-01 Revision 1 Files/Rear Axle Upgrades/rearbacklightdiffuser.stl,rearbacklightdiffuser.stl,stl,164984,b1fa0c83a06327356a8e1df26f524737ca3f23daf985dd2849dd54857e771b25,3298,9.5,12.0,14.5,DUPLICATE,,,low,Identical-name duplicate; canonical copy under 'Original + Revision 1',
unsorted_stl_raw/RC-01 Revision 1 Files/Revised Drawings/[4] REVISED FILES.pdf,[4] REVISED FILES.pdf,pdf,594118,8136adf0a8e5deecd99a70244cce1cf3dff9ec3b2f9d48813e64f1babfed7de8,,,,,REFERENCE,,,low,Assembly drawing (not visually reviewed),
unsorted_stl_raw/RC-01 Revision 1 Files/Revised Drawings/[5] BODY UPGRADES.pdf,[5] BODY UPGRADES.pdf,pdf,345900,464de2aac681de95bbafb65d06ed175da0b9cdf6b16e58bbd60cf21e51bee1e0,,,,,REFERENCE,,,low,Assembly drawing (reviewed 2026-07-10; findings in ASSEMBLY_NOTES.md),
unsorted_stl_raw/RC-01 Revision 1 Files/Revised Drawings/[6] FLOOR UPGRADES.pdf,[6] FLOOR UPGRADES.pdf,pdf,309400,27ed05afd03f11b2f62cce2339f00298746b19dcd02d218596b2939d2ee21cec,,,,,REFERENCE,,,low,Assembly drawing (not visually reviewed),
unsorted_stl_raw/RC-01 Revision 1 Files/Revised Drawings/[7] REAR AXLE UPGRADES.pdf,[7] REAR AXLE UPGRADES.pdf,pdf,555352,cb19d77b2e5316499ea985d5a21cfefd2090fb46ec9ab231ce1ec55d6070b663,,,,,REFERENCE,,,low,Assembly drawing (reviewed 2026-07-10; findings in ASSEMBLY_NOTES.md),
unsorted_stl_raw/RC-01 Revision 1 Files/Revised Drawings/[8] FRONT AXLE UPGRADES.pdf,[8] FRONT AXLE UPGRADES.pdf,pdf,511974,32fbda7d3aa27499116f03c0194f118ffc1501223ea21883f2983dad037526bd,,,,,REFERENCE,,,low,Assembly drawing (not visually reviewed),
unsorted_stl_raw/RC-01 Revision 1 Files/Revised Drawings/[9] FINAL REVISED INSTALLATION.pdf,[9] FINAL REVISED INSTALLATION.pdf,pdf,905890,cb1824cb67d2e501b15ccb2d843d0c83ec370dd122b8045e2ccbd01ad10e7022,,,,,REFERENCE,,,low,Assembly drawing (not visually reviewed),
unsorted_stl_raw/RC-01 Revision 1.1/New 1.1 Rear Upgrades/F104 tyreslot1 no grubs tighter.stl,F104 tyreslot1 no grubs tighter.stl,stl,11884,100f7fba201a997c1951fa020c8392a8d9b924e19adae34ac9812827a076c286,236,16.3,33.0,14.2,REQUIRED,04_PETG_wheels,PETG,medium,Tighter Rev1.1 rear tyre-slot adapters (wanted versions),"final quantity unproven (1 or 2 each) - confirm one per side at assembly; watch for heat-softening near axle, ASA fallback if it deforms"
unsorted_stl_raw/RC-01 Revision 1.1/New 1.1 Rear Upgrades/F104 tyreslot2 no grubs tighter.stl,F104 tyreslot2 no grubs tighter.stl,stl,28084,ed96f2b0ddd5b8841dedbd461834f0e7986dad949a9bdcd69c7ed6056367ec2e,560,16.3,19.0,14.2,REQUIRED,04_PETG_wheels,PETG,medium,Tighter Rev1.1 rear tyre-slot adapters (wanted versions),"final quantity unproven (1 or 2 each) - confirm one per side at assembly; watch for heat-softening near axle, ASA fallback if it deforms"
unsorted_stl_raw/RC-01 Revision 1.1/New 1.1 Rear Upgrades/READ ME.txt,READ ME.txt,txt,228,2dde4d36b8a0b630cd5e44ab99e8cd1fbdd5030089b482c5c928bfc2122a41d3,,,,,REFERENCE,,,low,Supplier README / parts list,
unsorted_stl_raw/RC-01 Revision 1.1/New 1.1 Steering Upgrades/New Left Wheel Hub.stl,New Left Wheel Hub.stl,stl,40084,915f6683e0682608bb6370f3c06a586dbe9a5a2d0a880fb22feb89229fa0d83a,800,25.0,42.5,64.5,REJECTED_WRONG_CHASSIS,,,low,Rev 1.1 ball-joint steering - incompatible with locked oil-shock front,
unsorted_stl_raw/RC-01 Revision 1.1/New 1.1 Steering Upgrades/New Right Wheel Hub.stl,New Right Wheel Hub.stl,stl,40084,9a3f2731fced36a3a31d822131a614c0c87610610d290c5a3aa031d2a22bc6f7,800,25.0,42.5,64.5,REJECTED_WRONG_CHASSIS,,,low,Rev 1.1 ball-joint steering - incompatible with locked oil-shock front,
unsorted_stl_raw/RC-01 Revision 1.1/New 1.1 Steering Upgrades/New Steering Arm with Ball Joint Left.stl,New Steering Arm with Ball Joint Left.stl,stl,88984,525cdb3fa490e26f4215263caee80c08036a6ecb28399b395d84c1bc0e2b0b5b,1778,38.3,17.0,31.7,REJECTED_WRONG_CHASSIS,,,low,Rev 1.1 ball-joint steering - incompatible with locked oil-shock front,
unsorted_stl_raw/RC-01 Revision 1.1/New 1.1 Steering Upgrades/New Steering Arm with Ball Joint Right.stl,New Steering Arm with Ball Joint Right.stl,stl,88984,da4eaccc3c1e872ca349a7353ef914e95fe048a5756cc7998a7b9f41f09a148b,1778,38.3,17.0,31.7,REJECTED_WRONG_CHASSIS,,,low,Rev 1.1 ball-joint steering - incompatible with locked oil-shock front,
unsorted_stl_raw/RC-01 Revision 1.1/New 1.1 Steering Upgrades/New Steering Servo Holder.stl,New Steering Servo Holder.stl,stl,109084,3b9315fa883f42744dec9428f4bc4bd389b47903c729bc16059550e972f86e9d,2180,37.9,38.0,32.9,REJECTED_WRONG_CHASSIS,,,low,Rev 1.1 ball-joint steering - incompatible with locked oil-shock front,
unsorted_stl_raw/RC-01 Revision 1.1/New 1.1 Steering Upgrades/NewFrontFloorSuspensionUpgrade REVISION_1.1.stl,NewFrontFloorSuspensionUpgrade REVISION_1.1.stl,stl,273384,7ffc4bae9d995505f01c6ec626c4f5ba3259f1ac8197acd798346665712db019,5466,182.0,8.0,137.0,REJECTED_WRONG_CHASSIS,,,low,Rev 1.1 ball-joint steering - incompatible with locked oil-shock front,
unsorted_stl_raw/RC-01 Revision 1.1/New 1.1 Steering Upgrades/READ ME.txt,READ ME.txt,txt,2063,d2aaf40ce114930134a1a8355e8f25ff2419d4c4bcfca2336b9b36d02182b3b0,,,,,REFERENCE,,,low,Supplier README / parts list,
unsorted_stl_raw/RC-01 Revision 1.1/New 2024 Body/NEW BODY 2024 FRONT 1.stl,NEW BODY 2024 FRONT 1.stl,stl,6345584,7878e85849a7cd950001b8149d7a38392d554874217886a3ce004937b71a9ba6,126910,161.4,129.2,54.3,REQUIRED,06_PLA_body_shell,PLA matte black,low,"Generic 2024 body shell, painted W17; 0.12-0.16mm layers",
unsorted_stl_raw/RC-01 Revision 1.1/New 2024 Body/NEW BODY 2024 Mirror.stl,NEW BODY 2024 Mirror.stl,stl,37584,02e6463c1b8bf56ffc11d7d5da63c510ca019745d898f4d650599ace90ddcc6d,750,6.6,27.9,9.5,REQUIRED,06_PLA_body_shell,PLA matte black,low,"Generic 2024 body shell, painted W17; 0.12-0.16mm layers",
unsorted_stl_raw/RC-01 Revision 1.1/New 2024 Body/NEW BODY 2024 REAR.stl,NEW BODY 2024 REAR.stl,stl,6642284,42f04dbb17c563ea0c7768f36ba81a9944cbbad6ebe7663996d1efcce58697e7,132844,156.3,127.3,73.4,REQUIRED,06_PLA_body_shell,PLA matte black,low,"Generic 2024 body shell, painted W17; 0.12-0.16mm layers",
unsorted_stl_raw/RC-01 Revision 1.1/New 2024 Body/READ ME.txt,READ ME.txt,txt,934,b28a7f24a408d9abf7ed4174d259fca6c53f7227a847f5e55d646589c4580864,,,,,REFERENCE,,,low,Supplier README / parts list,
unsorted_stl_raw/RC-01 Revision 1.1/New 2024 Body/new halo 2.1.stl,new halo 2.1.stl,stl,4812584,12d4d425a29a0b118752506816f8f78de8140a6b01a1776ec9a6dc931a555203,96250,74.9,38.8,24.9,REQUIRED,06_PLA_body_shell,PLA matte black,low,"Generic 2024 body shell, painted W17; 0.12-0.16mm layers",
unsorted_stl_raw/RC-01 Revision 1.1/New 2024 Body/Ferrari SF 24/NEW BODY 2024 FRONT 1 SF24.stl,NEW BODY 2024 FRONT 1 SF24.stl,stl,6263434,b4ac04fca9df486ab7388b05c8ee18b2f3612b96c9362c43b74a6f9790b38b22,125267,161.3,129.2,54.3,REJECTED_LIVERY,,,low,Ferrari SF24 shell - we paint W17 on generic 2024,
unsorted_stl_raw/RC-01 Revision 1.1/New 2024 Body/Ferrari SF 24/NEW BODY 2024 REAR SF24.stl,NEW BODY 2024 REAR SF24.stl,stl,5406384,4086ae1d54ac07e90fe6966357186b76131e5b3879c15a986bcc08e32441dcec,108126,154.6,127.3,76.5,REJECTED_LIVERY,,,low,Ferrari SF24 shell - we paint W17 on generic 2024,
unsorted_stl_raw/RC-01 Revision 1.1/New 2024 Body/Mclaren mcl38/FRONT BODY BLACK.stl,FRONT BODY BLACK.stl,stl,6839684,0cfbe2b0de242604d780a284072e06f360d30688c77f7bbfc7085a568d8455c7,136792,160.7,129.2,54.3,REJECTED_LIVERY,,,low,McLaren MCL38 colour-split shell,
unsorted_stl_raw/RC-01 Revision 1.1/New 2024 Body/Mclaren mcl38/FRONT BODY MULTICOLOUR.stl,FRONT BODY MULTICOLOUR.stl,stl,9296084,a74ddf155666df9f4038e01571319658442771c6104253cccf3d32a4a0821686,185920,161.4,129.2,54.3,REJECTED_LIVERY,,,low,McLaren MCL38 colour-split shell,
unsorted_stl_raw/RC-01 Revision 1.1/New 2024 Body/Mclaren mcl38/FRONT BODY ORANGE 1.stl,FRONT BODY ORANGE 1.stl,stl,1982384,3189ff461e094d77027a9ec4e7e2a5298127614f1be1c98f2b55992825e155fa,39646,77.2,39.9,14.7,REJECTED_LIVERY,,,low,McLaren MCL38 colour-split shell,
unsorted_stl_raw/RC-01 Revision 1.1/New 2024 Body/Mclaren mcl38/FRONT BODY ORANGE 2.stl,FRONT BODY ORANGE 2.stl,stl,134284,9a83a14c43bb0dff16c09ec9de83c1e68bd6a1ffa275c1b3e0fa28a318767611,2684,34.3,19.6,16.6,REJECTED_LIVERY,,,low,McLaren MCL38 colour-split shell,
unsorted_stl_raw/RC-01 Revision 1.1/New 2024 Body/Mclaren mcl38/FRONT BODY ORANGE 3.stl,FRONT BODY ORANGE 3.stl,stl,130284,89adee0681c81d0a833d5c1f55df9d8251707488e5959a92261645af72ebbdbb,2604,34.3,19.6,16.6,REJECTED_LIVERY,,,low,McLaren MCL38 colour-split shell,
unsorted_stl_raw/RC-01 Revision 1.1/New 2024 Body/Mclaren mcl38/FRONT WING MCL38 ORANGE 1.stl,FRONT WING MCL38 ORANGE 1.stl,stl,26284,2f2440d727b3b89efd0da5056eda869e6586beffedb7ff2b6f229aaa17fb5b93,524,39.0,0.1,24.8,REJECTED_LIVERY,,,low,McLaren MCL38 colour-split shell,
unsorted_stl_raw/RC-01 Revision 1.1/New 2024 Body/Mclaren mcl38/FRONTNOSE BLACK.stl,FRONTNOSE BLACK.stl,stl,154384,795323611bf45574c007d5a24ace7e0df6aa6d06c05b898eff683d7f1ce9b4b0,3086,84.3,29.2,29.1,REJECTED_LIVERY,,,low,McLaren MCL38 colour-split shell,
unsorted_stl_raw/RC-01 Revision 1.1/New 2024 Body/Mclaren mcl38/FRONTNOSE MULTICOLOUR.stl,FRONTNOSE MULTICOLOUR.stl,stl,189884,9b2d159e692d29925341389c5aa79bdbde01b4f5d520a4d7cc141d2defe720c1,3796,84.3,29.2,32.4,REJECTED_LIVERY,,,low,McLaren MCL38 colour-split shell,
unsorted_stl_raw/RC-01 Revision 1.1/New 2024 Body/Mclaren mcl38/FRONTNOSE ORANGE.stl,FRONTNOSE ORANGE.stl,stl,35584,c17149e274feaf3395088a25a93ac1afd799da64eba22082154d799a1957281b,710,58.2,28.6,22.6,REJECTED_LIVERY,,,low,McLaren MCL38 colour-split shell,
unsorted_stl_raw/RC-01 Revision 1.1/New 2024 Body/Mclaren mcl38/NEW BODY 2024 REAR BLACK.stl,NEW BODY 2024 REAR BLACK.stl,stl,6255584,4f04174cee8298575d7d68ca2083d1ce8f142333a9b7fb026744867ba456dd18,125110,131.7,127.3,73.4,REJECTED_LIVERY,,,low,McLaren MCL38 colour-split shell,
unsorted_stl_raw/RC-01 Revision 1.1/New 2024 Body/Mclaren mcl38/NEW BODY 2024 REAR ORANGE 1.stl,NEW BODY 2024 REAR ORANGE 1.stl,stl,1527234,a86d9a367ae4776409df9814fa402dc43a3490b2b3c5fee7cc3310fd7ef166ea,30543,93.0,72.1,41.9,REJECTED_LIVERY,,,low,McLaren MCL38 colour-split shell,
unsorted_stl_raw/RC-01 Revision 1.1/New 2024 Body/Mclaren mcl38/NEW BODY 2024 REAR ORANGE 2.stl,NEW BODY 2024 REAR ORANGE 2.stl,stl,189884,74b5f23ba26f83327ccef97dde9c5be836ffdb49cd004727938bfac17cdd0af5,3796,70.7,10.7,25.7,REJECTED_LIVERY,,,low,McLaren MCL38 colour-split shell,
unsorted_stl_raw/RC-01 Revision 1.1/New 2024 Body/Mclaren mcl38/NEW BODY 2024 REAR ORANGE 3.stl,NEW BODY 2024 REAR ORANGE 3.stl,stl,202734,3d07c8bae05ff225d6560f996c3f5d6bebae7a23edb23344135b26acff651177,4053,70.7,10.8,25.9,REJECTED_LIVERY,,,low,McLaren MCL38 colour-split shell,
unsorted_stl_raw/RC-01 Revision 1.1/New 2024 Body/Mclaren mcl38/NEW BODY 2024 REAR ORANGE 4.stl,NEW BODY 2024 REAR ORANGE 4.stl,stl,176184,ee6c1ae4dac610bacdbe9468d551936f346d8813d72b231d29606b47096e3d95,3522,28.2,17.1,7.7,REJECTED_LIVERY,,,low,McLaren MCL38 colour-split shell,
unsorted_stl_raw/RC-01 Revision 1.1/Original + Revision 1 Files pre-released to fully build the car/READ ME.txt,READ ME.txt,txt,324,7daf9f8729c13d829991541a0c9bb10b7e283d64dc9dab79fdf3b2d734bde988,,,,,REFERENCE,,,low,Supplier README / parts list,
unsorted_stl_raw/RC-01 Revision 1.1/Original + Revision 1 Files pre-released to fully build the car/RC-01 Revision 1 Files/Body Parts/2024 Revised Front Wing.stl,2024 Revised Front Wing.stl,stl,2208584,1f4f20c8fd5632cde00d382ea6c50c4eb075021194766a3b3494a870aa76b1d5,44170,72.5,181.1,28.0,REQUIRED,06_PLA_body_shell,PLA matte black,medium,"Separate front wing - drawing [5] 'Revised Front Wing'; 181mm span exceeds the FRONT shell bbox, cannot be integrated (Gate B front resolved 2026-07-10)","visual confirm vs shell+nose in slicer; crash-prone - treat as consumable, consider PETG via an MD entry if it keeps breaking"
unsorted_stl_raw/RC-01 Revision 1.1/Original + Revision 1 Files pre-released to fully build the car/RC-01 Revision 1 Files/Body Parts/MCL60 2023 Rear Wing.stl,MCL60 2023 Rear Wing.stl,stl,1504384,699a7c1b180fe38e28063c02aed22239f857c193e4c9ae926240275f74c137e9,30086,108.5,40.8,75.0,UNCERTAIN,pending_rear_wing,PLA or PETG,medium,FALLBACK candidate (user prefers the 2021 wing). Very likely the 'Revised rear wing' of drawing [7] (only rear-wing STL in the Rev-1 release); McLaren-shaped but painted black anyway,GATE (rear wing + DRS): user 2026-07-10 - the OLD 2021 wing is the PREFERRED candidate (only one that visibly fits); DRS remains a goal; small interface parts may be diagnostic-printed (TP) to verify fit; nothing is production-final until wing + mount + DRS arm + diffuser/backplate + chosen rear stack are checked together
unsorted_stl_raw/RC-01 Revision 1.1/Original + Revision 1 Files pre-released to fully build the car/RC-01 Revision 1 Files/Body Parts/NewFrontNose SF24.stl,NewFrontNose SF24.stl,stl,192884,eb2b0bccf1330920a45c24a925487749cca5ee9c03a19f06c3fe004f3534c9b1,3856,84.3,29.2,32.5,REJECTED_LIVERY,,,low,Ferrari SF24 shell - we paint W17 on generic 2024,
unsorted_stl_raw/RC-01 Revision 1.1/Original + Revision 1 Files pre-released to fully build the car/RC-01 Revision 1 Files/Body Parts/NewFrontNose2021_3.stl,NewFrontNose2021_3.stl,stl,114084,4ab91b11ab4c308cda087b1a6d189ca9e189bbe4d0c966b05cb7a61d007c74bf,2280,84.3,32.5,29.2,DUPLICATE,,,low,Identical-name duplicate; canonical copy under 'Ryans Creations',
unsorted_stl_raw/RC-01 Revision 1.1/Original + Revision 1 Files pre-released to fully build the car/RC-01 Revision 1 Files/Body Parts/camera top 1.1.stl,camera top 1.1.stl,stl,483484,8fba60bbee5ff272fc3fbe3668aa542c2fac51390be39602bb8e4d0b003ad499,9668,16.7,17.7,6.9,REQUIRED,06_PLA_body_shell,PLA matte black,low,Revised camera-top pod (holds FPV camera),
unsorted_stl_raw/RC-01 Revision 1.1/Original + Revision 1 Files pre-released to fully build the car/RC-01 Revision 1 Files/Body Parts/cameranose.stl,cameranose.stl,stl,41684,5554e90117779d5622ee214a6897f129b711e096f88e888da07920ef80b9ecb3,832,5.8,10.5,9.8,DUPLICATE,,,low,Identical-name duplicate; canonical copy under 'Ryans Creations',
unsorted_stl_raw/RC-01 Revision 1.1/Original + Revision 1 Files pre-released to fully build the car/RC-01 Revision 1 Files/Body Parts/OldVersions/FRONTNOSE2024.0002.ipt,FRONTNOSE2024.0002.ipt,ipt,444928,c4166e42d1a9210366f1647e83994f1cc1516a65b5896000d463a2e5f22262d5,,,,,REFERENCE,,,low,Autodesk Inventor CAD source,
unsorted_stl_raw/RC-01 Revision 1.1/Original + Revision 1 Files pre-released to fully build the car/RC-01 Revision 1 Files/Extra Parts/fulldrivercut2.stl,fulldrivercut2.stl,stl,50501084,e14aff0481621a34806f3e530ef4ac873f3b8da450b904c5b4c542024c21c547,1010020,64.2,31.4,28.6,OPTIONAL,optional,PLA,low,"Cosmetic driver figure (50MB, 1M triangles) - long print, display only",
unsorted_stl_raw/RC-01 Revision 1.1/Original + Revision 1 Files pre-released to fully build the car/RC-01 Revision 1 Files/Extra Parts/wall mount.stl,wall mount.stl,stl,155484,5fedaf2f14be04b9a9b513f732a33b05f39ed4aa1609659e62879521bd4f306d,3108,75.0,62.0,15.0,OPTIONAL,optional,any,low,Wall display mount for the car,
unsorted_stl_raw/RC-01 Revision 1.1/Original + Revision 1 Files pre-released to fully build the car/RC-01 Revision 1 Files/Floor Upgrades/2023NEWSideVent1.stl,2023NEWSideVent1.stl,stl,215484,c96bd69361ec613658e8d20a0f5a50c8b1926dd7c67a163c9a6dcd6ab23421e3,4308,35.0,37.3,19.6,DUPLICATE,,,medium,Identical-name duplicate; canonical copy under 'Ryans Creations',
unsorted_stl_raw/RC-01 Revision 1.1/Original + Revision 1 Files pre-released to fully build the car/RC-01 Revision 1 Files/Floor Upgrades/2023NEWSideVent2.stl,2023NEWSideVent2.stl,stl,260284,d96d263cb5de14f43e7d8b8d55a0f3e22cb8c31f6a2527c83db20c03475baf1e,5204,35.1,37.5,19.6,DUPLICATE,,,medium,Identical-name duplicate; canonical copy under 'Ryans Creations',
unsorted_stl_raw/RC-01 Revision 1.1/Original + Revision 1 Files pre-released to fully build the car/RC-01 Revision 1 Files/Floor Upgrades/FloorBoard2.stl,FloorBoard2.stl,stl,156384,6da24f3e91f7e4b491ad35150d0bab4acad5f8f33994247c2bba0bc5d318cb43,3126,112.6,2.0,19.0,DUPLICATE,,,medium,Identical-name duplicate; canonical copy under 'Ryans Creations',
unsorted_stl_raw/RC-01 Revision 1.1/Original + Revision 1 Files pre-released to fully build the car/RC-01 Revision 1 Files/Floor Upgrades/NewBackFloorSuspension UpgradeBack REVISION 1.stl,NewBackFloorSuspension UpgradeBack REVISION 1.stl,stl,88034,03c591187d081b2e4ff3afb6ddad2ccf68bfaf6192b070a1c6e2799b574e803b,1759,74.6,8.1,68.0,REJECTED_WRONG_CHASSIS,,,low,Revision-1 suspension floor - locked config uses original floor,
unsorted_stl_raw/RC-01 Revision 1.1/Original + Revision 1 Files pre-released to fully build the car/RC-01 Revision 1 Files/Floor Upgrades/NewBackFloorSuspension UpgradeFront3 REVISION 1.stl,NewBackFloorSuspension UpgradeFront3 REVISION 1.stl,stl,168084,7116afc1185870a381ff459154d64550f67edb806d04ca48e94e8746c4ef9def,3360,116.8,8.0,137.0,REJECTED_WRONG_CHASSIS,,,low,Revision-1 suspension floor - locked config uses original floor,
unsorted_stl_raw/RC-01 Revision 1.1/Original + Revision 1 Files pre-released to fully build the car/RC-01 Revision 1 Files/Floor Upgrades/NewFrontFloorSuspensionUpgrade REVISION 1.stl,NewFrontFloorSuspensionUpgrade REVISION 1.stl,stl,263684,4f76ecfe9f1248c3d6406f770d0289fd3f95c9b6bbe6d18b8fc4ac4a5642b72e,5272,182.0,8.0,137.0,REJECTED_WRONG_CHASSIS,,,low,Revision-1 suspension floor - locked config uses original floor,
unsorted_stl_raw/RC-01 Revision 1.1/Original + Revision 1 Files pre-released to fully build the car/RC-01 Revision 1 Files/Front Axle Upgrades/ARM1 extended bottom Left.stl,ARM1 extended bottom Left.stl,stl,32084,bd372a6807999d35c5a7f5cb2eb04e61e9961c4febe96a71f255dfc61c86bf8b,640,44.8,12.0,50.6,REJECTED_WRONG_CHASSIS,,,low,Revision-1 front axle upgrade set - locked config uses original front,
unsorted_stl_raw/RC-01 Revision 1.1/Original + Revision 1 Files pre-released to fully build the car/RC-01 Revision 1 Files/Front Axle Upgrades/ARM1 extended bottom Right.stl,ARM1 extended bottom Right.stl,stl,32084,8a7c3343acd950abc19f68bcedbf79cb0c4bca7028151fbfd082e0170401a541,640,44.8,12.0,50.6,REJECTED_WRONG_CHASSIS,,,low,Revision-1 front axle upgrade set - locked config uses original front,
unsorted_stl_raw/RC-01 Revision 1.1/Original + Revision 1 Files pre-released to fully build the car/RC-01 Revision 1 Files/Front Axle Upgrades/ARM1 extended.stl,ARM1 extended.stl,stl,30484,d54d9f633b1bc67a732fc125410d09086becd125117f3a232d38e2c9523f43e2,608,44.8,2.5,50.6,REJECTED_WRONG_CHASSIS,,,low,Revision-1 front axle upgrade set - locked config uses original front,
unsorted_stl_raw/RC-01 Revision 1.1/Original + Revision 1 Files pre-released to fully build the car/RC-01 Revision 1 Files/Front Axle Upgrades/Armblock.stl,Armblock.stl,stl,92884,046b9e21950c86c3e1dbe1ea2de89cca7a204ef93d7cfe6d2558d0e52f1b5854,1856,42.8,32.0,34.5,REJECTED_WRONG_CHASSIS,,,low,Revision-1 front axle upgrade set - locked config uses original front,
unsorted_stl_raw/RC-01 Revision 1.1/Original + Revision 1 Files pre-released to fully build the car/RC-01 Revision 1 Files/Rear Axle Upgrades/Axle Main no grubs.stl,Axle Main no grubs.stl,stl,49784,98e349761ff84640d9eee06150d110a100ba7300d13322b56169c503df2e564e,994,11.2,115.0,15.0,REQUIRED,02_ASA_rear_drivetrain,ASA black,medium,Believed rear axle main (no grub screws variant),confirm role against drawing [7] before printing
unsorted_stl_raw/RC-01 Revision 1.1/Original + Revision 1 Files pre-released to fully build the car/RC-01 Revision 1 Files/Rear Axle Upgrades/Diffuser backplate.stl,Diffuser backplate.stl,stl,525884,4272c5462083667e1d7b46d07d3e79d6bba01e2b066e0d4d967e12bc04fa07f6,10516,68.0,40.0,43.5,UNCERTAIN,pending_rear_gate,ASA or PETG,medium,NOT the brake-light diffuser; on the Rev-1 path the rear wing + diffuser bolt to it (drawing [7]),needed iff Gate A resolves to the Rev-1 stack (drawing [7])
unsorted_stl_raw/RC-01 Revision 1.1/Original + Revision 1 Files pre-released to fully build the car/RC-01 Revision 1 Files/Rear Axle Upgrades/Rear Back Motor Cover REVISION 1.stl,Rear Back Motor Cover REVISION 1.stl,stl,52684,e3b29ea27cabe8910134c730fde059192597a17e9b3e9df0ce5cfe1f8a912166,1052,6.5,25.0,54.8,UNCERTAIN,pending_rear_gate,ASA if selected,medium,Revised motor covers - only valid with the hybrid rocker path,"GATE A: confirm Spring mount 2 REVISION 1 seats the 68mm coilover in slicer; fits -> Rev-1/hybrid rear stack (drawing [7]: bearings seat in the Motor Covers, wing bolts to Diffuser backplate), else original stack (drawing [2]). Resolve TOGETHER with the rear-wing gate. Diagnostic TP prints of small candidates are allowed to resolve this (user 2026-07-10); production rear-stack prints stay blocked until confirmed"
unsorted_stl_raw/RC-01 Revision 1.1/Original + Revision 1 Files pre-released to fully build the car/RC-01 Revision 1 Files/Rear Axle Upgrades/Rear Left Motor Cover REVISION 1.stl,Rear Left Motor Cover REVISION 1.stl,stl,83984,ae0f10b83aae8ba56676506f3071ff406d9766c3f72fc1c4cf9a3bcec6f5f2b4,1678,70.5,40.0,6.5,UNCERTAIN,pending_rear_gate,ASA if selected,medium,Revised motor covers - only valid with the hybrid rocker path,"GATE A: confirm Spring mount 2 REVISION 1 seats the 68mm coilover in slicer; fits -> Rev-1/hybrid rear stack (drawing [7]: bearings seat in the Motor Covers, wing bolts to Diffuser backplate), else original stack (drawing [2]). Resolve TOGETHER with the rear-wing gate. Diagnostic TP prints of small candidates are allowed to resolve this (user 2026-07-10); production rear-stack prints stay blocked until confirmed"
unsorted_stl_raw/RC-01 Revision 1.1/Original + Revision 1 Files pre-released to fully build the car/RC-01 Revision 1 Files/Rear Axle Upgrades/Rear Right Motor Cover REVISION 1.stl,Rear Right Motor Cover REVISION 1.stl,stl,80184,9a1655dbbcc2ba35628aa675f21fb685b1a1bc2cce07d9372ab3d57ddf441188,1602,70.5,40.0,6.5,UNCERTAIN,pending_rear_gate,ASA if selected,medium,Revised motor covers - only valid with the hybrid rocker path,"GATE A: confirm Spring mount 2 REVISION 1 seats the 68mm coilover in slicer; fits -> Rev-1/hybrid rear stack (drawing [7]: bearings seat in the Motor Covers, wing bolts to Diffuser backplate), else original stack (drawing [2]). Resolve TOGETHER with the rear-wing gate. Diagnostic TP prints of small candidates are allowed to resolve this (user 2026-07-10); production rear-stack prints stay blocked until confirmed"
unsorted_stl_raw/RC-01 Revision 1.1/Original + Revision 1 Files pre-released to fully build the car/RC-01 Revision 1 Files/Rear Axle Upgrades/Spring Block.stl,Spring Block.stl,stl,103884,e06573bdd4f1584ba313ee191f831cb6a61f9148890f16c2666230e0300074ea,2076,44.5,22.0,54.0,UNCERTAIN,pending_rear_gate,ASA if selected,high,Hybrid rocker candidate for 68mm rear shock,"GATE A: confirm Spring mount 2 REVISION 1 seats the 68mm coilover in slicer; fits -> Rev-1/hybrid rear stack (drawing [7]: bearings seat in the Motor Covers, wing bolts to Diffuser backplate), else original stack (drawing [2]). Resolve TOGETHER with the rear-wing gate. Diagnostic TP prints of small candidates are allowed to resolve this (user 2026-07-10); production rear-stack prints stay blocked until confirmed"
unsorted_stl_raw/RC-01 Revision 1.1/Original + Revision 1 Files pre-released to fully build the car/RC-01 Revision 1 Files/Rear Axle Upgrades/Spring mount 2 REVISION 1.stl,Spring mount 2 REVISION 1.stl,stl,117884,559f847088c3a71c2d4f7e2e6d26b3101f4e1ede0ba6be24647ab466f8bb4242,2356,24.7,22.5,34.8,UNCERTAIN,pending_rear_gate,ASA if selected,high,Hybrid rocker candidate for 68mm rear shock,"GATE A: confirm Spring mount 2 REVISION 1 seats the 68mm coilover in slicer; fits -> Rev-1/hybrid rear stack (drawing [7]: bearings seat in the Motor Covers, wing bolts to Diffuser backplate), else original stack (drawing [2]). Resolve TOGETHER with the rear-wing gate. Diagnostic TP prints of small candidates are allowed to resolve this (user 2026-07-10); production rear-stack prints stay blocked until confirmed"
unsorted_stl_raw/RC-01 Revision 1.1/Original + Revision 1 Files pre-released to fully build the car/RC-01 Revision 1 Files/Rear Axle Upgrades/rearbacklightdiffuser.stl,rearbacklightdiffuser.stl,stl,164984,b1fa0c83a06327356a8e1df26f524737ca3f23daf985dd2849dd54857e771b25,3298,9.5,12.0,14.5,REQUIRED,07_translucent_diffuser,PLA white-transparent,low,"Brake-light diffuser with WS2812 hole; 1-2 walls over lens, lens NEVER painted",
unsorted_stl_raw/RC-01 Revision 1.1/Original + Revision 1 Files pre-released to fully build the car/RC-01 Revision 1 Files/Revised Drawings/[4] REVISED FILES.pdf,[4] REVISED FILES.pdf,pdf,594118,8136adf0a8e5deecd99a70244cce1cf3dff9ec3b2f9d48813e64f1babfed7de8,,,,,REFERENCE,,,low,Assembly drawing (not visually reviewed),
unsorted_stl_raw/RC-01 Revision 1.1/Original + Revision 1 Files pre-released to fully build the car/RC-01 Revision 1 Files/Revised Drawings/[5] BODY UPGRADES.pdf,[5] BODY UPGRADES.pdf,pdf,345900,464de2aac681de95bbafb65d06ed175da0b9cdf6b16e58bbd60cf21e51bee1e0,,,,,REFERENCE,,,low,Assembly drawing (reviewed 2026-07-10; findings in ASSEMBLY_NOTES.md),
unsorted_stl_raw/RC-01 Revision 1.1/Original + Revision 1 Files pre-released to fully build the car/RC-01 Revision 1 Files/Revised Drawings/[6] FLOOR UPGRADES.pdf,[6] FLOOR UPGRADES.pdf,pdf,309400,27ed05afd03f11b2f62cce2339f00298746b19dcd02d218596b2939d2ee21cec,,,,,REFERENCE,,,low,Assembly drawing (not visually reviewed),
unsorted_stl_raw/RC-01 Revision 1.1/Original + Revision 1 Files pre-released to fully build the car/RC-01 Revision 1 Files/Revised Drawings/[7] REAR AXLE UPGRADES.pdf,[7] REAR AXLE UPGRADES.pdf,pdf,555352,cb19d77b2e5316499ea985d5a21cfefd2090fb46ec9ab231ce1ec55d6070b663,,,,,REFERENCE,,,low,Assembly drawing (reviewed 2026-07-10; findings in ASSEMBLY_NOTES.md),
unsorted_stl_raw/RC-01 Revision 1.1/Original + Revision 1 Files pre-released to fully build the car/RC-01 Revision 1 Files/Revised Drawings/[8] FRONT AXLE UPGRADES.pdf,[8] FRONT AXLE UPGRADES.pdf,pdf,511974,32fbda7d3aa27499116f03c0194f118ffc1501223ea21883f2983dad037526bd,,,,,REFERENCE,,,low,Assembly drawing (not visually reviewed),
unsorted_stl_raw/RC-01 Revision 1.1/Original + Revision 1 Files pre-released to fully build the car/RC-01 Revision 1 Files/Revised Drawings/[9] FINAL REVISED INSTALLATION.pdf,[9] FINAL REVISED INSTALLATION.pdf,pdf,905890,cb1824cb67d2e501b15ccb2d843d0c83ec370dd122b8045e2ccbd01ad10e7022,,,,,REFERENCE,,,low,Assembly drawing (not visually reviewed),
unsorted_stl_raw/RC-01 Revision 1.1/Photos to help installation/READ ME.txt,READ ME.txt,txt,213,4998d8d12b351f0223e12dad208fce00946622a0bf3edc91e245a1e9839f4c0f,,,,,REFERENCE,,,low,Supplier README / parts list,
unsorted_stl_raw/RC-01 Revision 1.1/Photos to help installation/WhatsApp Image 2024-12-25 at 17.08.53 (1).jpeg,WhatsApp Image 2024-12-25 at 17.08.53 (1).jpeg,jpeg,421206,81035e9fc7baacbf8e2e883791f6a8301048cc6b43502e92587edc002fe3b33c,,,,,REFERENCE,,,low,Supplier installation photo,
unsorted_stl_raw/RC-01 Revision 1.1/Photos to help installation/WhatsApp Image 2024-12-25 at 17.08.53 (2).jpeg,WhatsApp Image 2024-12-25 at 17.08.53 (2).jpeg,jpeg,380196,eb8fd594c776bae64605071b3813d25d881146b644f4d6cf3c179a333ff25496,,,,,REFERENCE,,,low,Supplier installation photo,
unsorted_stl_raw/RC-01 Revision 1.1/Photos to help installation/WhatsApp Image 2024-12-25 at 17.08.53.jpeg,WhatsApp Image 2024-12-25 at 17.08.53.jpeg,jpeg,367489,253876e8179b249bc0edd56ac39617ec967a37df7c78a3b5accce78345957cba,,,,,REFERENCE,,,low,Supplier installation photo,
unsorted_stl_raw/RC-01 Revision 1.1/Photos to help installation/WhatsApp Image 2024-12-25 at 17.08.54 (1).jpeg,WhatsApp Image 2024-12-25 at 17.08.54 (1).jpeg,jpeg,471473,671d5237171cd04a9d83fd5a41e7f146069c6fae52244276b9f0edbd7e5f2421,,,,,REFERENCE,,,low,Supplier installation photo,
unsorted_stl_raw/RC-01 Revision 1.1/Photos to help installation/WhatsApp Image 2024-12-25 at 17.08.54 (2).jpeg,WhatsApp Image 2024-12-25 at 17.08.54 (2).jpeg,jpeg,448461,4a54b369858aec849bc9339d99ef04c3f416197d43b9fc740a59e2dfeadac43b,,,,,REFERENCE,,,low,Supplier installation photo,
unsorted_stl_raw/RC-01 Revision 1.1/Photos to help installation/WhatsApp Image 2024-12-25 at 17.08.54 (3).jpeg,WhatsApp Image 2024-12-25 at 17.08.54 (3).jpeg,jpeg,244640,ae46fe7eb9c1d59e5cb9fa8163d7b42232596610b8ccbd933ba1e7e262d485c8,,,,,REFERENCE,,,low,Supplier installation photo,
unsorted_stl_raw/RC-01 Revision 1.1/Photos to help installation/WhatsApp Image 2024-12-25 at 17.08.54 (4).jpeg,WhatsApp Image 2024-12-25 at 17.08.54 (4).jpeg,jpeg,382103,6321711a2808a0b5bb0d44cdffac25525e1a30556a23cd52a160488ab77b20c6,,,,,REFERENCE,,,low,Supplier installation photo,
unsorted_stl_raw/RC-01 Revision 1.1/Photos to help installation/WhatsApp Image 2024-12-25 at 17.08.54 (5).jpeg,WhatsApp Image 2024-12-25 at 17.08.54 (5).jpeg,jpeg,325572,01fcad8afe8728e27731aea33275ccb522d8228fa87b3a206569635b609251d6,,,,,REFERENCE,,,low,Supplier installation photo,
unsorted_stl_raw/RC-01 Revision 1.1/Photos to help installation/WhatsApp Image 2024-12-25 at 17.08.54 (6).jpeg,WhatsApp Image 2024-12-25 at 17.08.54 (6).jpeg,jpeg,284080,987ae3b3d76ffcbe5e2034942023d625cb1f10ec8f786e5480e37b0d8df25655,,,,,REFERENCE,,,low,Supplier installation photo,
unsorted_stl_raw/RC-01 Revision 1.1/Photos to help installation/WhatsApp Image 2024-12-25 at 17.08.54.jpeg,WhatsApp Image 2024-12-25 at 17.08.54.jpeg,jpeg,199065,407c11dd4861657f8395a0fa903b7db60e13b6ed8f9c9c867695741c62db5a88,,,,,REFERENCE,,,low,Supplier installation photo,
unsorted_stl_raw/RC-01 Revision 1.1/Photos to help installation/WhatsApp Image 2024-12-25 at 17.08.55 (1).jpeg,WhatsApp Image 2024-12-25 at 17.08.55 (1).jpeg,jpeg,234648,2aa2c123b9ba8a1ddaca79e644a15fc23f16c33335ff0e971c39978f14fb9fd6,,,,,REFERENCE,,,low,Supplier installation photo,
unsorted_stl_raw/RC-01 Revision 1.1/Photos to help installation/WhatsApp Image 2024-12-25 at 17.08.55 (2).jpeg,WhatsApp Image 2024-12-25 at 17.08.55 (2).jpeg,jpeg,288918,0c06218a7f7170e47b6a42f41e27c84c68b5347ddc662fbedf3e53b03f76c856,,,,,REFERENCE,,,low,Supplier installation photo,
unsorted_stl_raw/RC-01 Revision 1.1/Photos to help installation/WhatsApp Image 2024-12-25 at 17.08.55 (3).jpeg,WhatsApp Image 2024-12-25 at 17.08.55 (3).jpeg,jpeg,273515,251f2d446ccfaca1c5727a15a6aa3d66fb6b2d8efc254d4d6ebf36477a96cce1,,,,,REFERENCE,,,low,Supplier installation photo,
unsorted_stl_raw/RC-01 Revision 1.1/Photos to help installation/WhatsApp Image 2024-12-25 at 17.08.55 (4).jpeg,WhatsApp Image 2024-12-25 at 17.08.55 (4).jpeg,jpeg,299074,6d48b2c853f30bea53679b754198fbd3fd8c4710b52aa5b2cc2074357da054b4,,,,,REFERENCE,,,low,Supplier installation photo,
unsorted_stl_raw/RC-01 Revision 1.1/Photos to help installation/WhatsApp Image 2024-12-25 at 17.08.55 (5).jpeg,WhatsApp Image 2024-12-25 at 17.08.55 (5).jpeg,jpeg,350258,ac3887cb9227c4f9abb43609c6e573c0af1d4385e6c5bfc55bdece7d466d27d2,,,,,REFERENCE,,,low,Supplier installation photo,
unsorted_stl_raw/RC-01 Revision 1.1/Photos to help installation/WhatsApp Image 2024-12-25 at 17.08.55 (6).jpeg,WhatsApp Image 2024-12-25 at 17.08.55 (6).jpeg,jpeg,501767,9c41f5e15a24b95464597444705b3175afbf01bb68554f53822da521593ad226,,,,,REFERENCE,,,low,Supplier installation photo,
unsorted_stl_raw/RC-01 Revision 1.1/Photos to help installation/WhatsApp Image 2024-12-25 at 17.08.55.jpeg,WhatsApp Image 2024-12-25 at 17.08.55.jpeg,jpeg,275683,53e18b79db5b488213dc39884cdb42e02a0b6416a289b8401c05373d08a0d08f,,,,,REFERENCE,,,low,Supplier installation photo,
unsorted_stl_raw/RC-01 Revision 1.1/Photos to help installation/WhatsApp Image 2024-12-25 at 17.08.56.jpeg,WhatsApp Image 2024-12-25 at 17.08.56.jpeg,jpeg,536123,7c5d27b842c0b512547cccb3a2fc6683a4725ce637b9183809ef0ed49cde3cc6,,,,,REFERENCE,,,low,Supplier installation photo,
unsorted_stl_raw/RC-01 Revision 1.1/Photos to help installation/WhatsApp Image 2024-12-25 at 17.14.43 (1).jpeg,WhatsApp Image 2024-12-25 at 17.14.43 (1).jpeg,jpeg,498902,a1dac1979b6d369f72723f0a3ab8c85c009e300a751e9a39d5dfd900d3026af7,,,,,REFERENCE,,,low,Supplier installation photo,
unsorted_stl_raw/RC-01 Revision 1.1/Photos to help installation/WhatsApp Image 2024-12-25 at 17.14.43 (2).jpeg,WhatsApp Image 2024-12-25 at 17.14.43 (2).jpeg,jpeg,701170,c7529ad975341cbf85aa143c5c9ad88ea0e9703750ed033de3012ea774621ab4,,,,,REFERENCE,,,low,Supplier installation photo,
unsorted_stl_raw/RC-01 Revision 1.1/Photos to help installation/WhatsApp Image 2024-12-25 at 17.14.43.jpeg,WhatsApp Image 2024-12-25 at 17.14.43.jpeg,jpeg,553989,17f0533a9ed9099455c0e84472b3642dd89adecf24650214c9fc2f261a8fe516,,,,,REFERENCE,,,low,Supplier installation photo,
unsorted_stl_raw/RC-01 Revision 1.1/Photos to help installation/WhatsApp Image 2024-12-25 at 17.14.44 (1).jpeg,WhatsApp Image 2024-12-25 at 17.14.44 (1).jpeg,jpeg,577233,a7a37a76b38e30f18be479f6760e2177d9afbcaed5dfc534dda2c536f707dd34,,,,,REFERENCE,,,low,Supplier installation photo,
unsorted_stl_raw/RC-01 Revision 1.1/Photos to help installation/WhatsApp Image 2024-12-25 at 17.14.44 (2).jpeg,WhatsApp Image 2024-12-25 at 17.14.44 (2).jpeg,jpeg,578621,0488704993c095e2f852e4962a7ea883f6a7d87db1d5ec463fc7604767833fa1,,,,,REFERENCE,,,low,Supplier installation photo,
unsorted_stl_raw/RC-01 Revision 1.1/Photos to help installation/WhatsApp Image 2024-12-25 at 17.14.44 (3).jpeg,WhatsApp Image 2024-12-25 at 17.14.44 (3).jpeg,jpeg,539263,7b153b13c79e684924fb2ea0a526278880a3900cf9feaef36863c4bec800c3c5,,,,,REFERENCE,,,low,Supplier installation photo,
unsorted_stl_raw/RC-01 Revision 1.1/Photos to help installation/WhatsApp Image 2024-12-25 at 17.14.44.jpeg,WhatsApp Image 2024-12-25 at 17.14.44.jpeg,jpeg,461771,eba0e9bf34ddc796e88cd78f3688e2f31e0dbcc38858895bbfa8449dc5c89bf6,,,,,REFERENCE,,,low,Supplier installation photo,
unsorted_stl_raw/Ryans Creations Open RC F1 Car/Parts List.txt,Parts List.txt,txt,6812,a13bcc0cc8a490daa979fb337b69dab4ec3349e3593d282c6b7487d997c2bf7e,,,,,REFERENCE,,,low,Supplier README / parts list,
unsorted_stl_raw/Ryans Creations Open RC F1 Car/Prerequisites.txt,Prerequisites.txt,txt,470,605a460cc841e4e08af9bfbbf762531c4037ad23dc961ca0cfe322efa16c6a0f,,,,,REFERENCE,,,low,Supplier README / parts list,
unsorted_stl_raw/Ryans Creations Open RC F1 Car/READ ME.txt,READ ME.txt,txt,1278,65f504347cf54eca3cc18047f2a8859d44c634d98bc4214444dd6b598c285de8,,,,,REFERENCE,,,low,Supplier README / parts list,
unsorted_stl_raw/Ryans Creations Open RC F1 Car/Car Body/2021 Upgrades/2021 front wing wing.stl,2021 front wing wing.stl,stl,1837784,49bb935db398ffac4544e7402d66ba5bec1dbefed8921fec7e7bc0e2241463c6,36754,181.2,70.9,22.5,REJECTED_LIVERY,,,low,2021-era body/aero,
unsorted_stl_raw/Ryans Creations Open RC F1 Car/Car Body/2021 Upgrades/2021Rearwing with DRS.stl,2021Rearwing with DRS.stl,stl,283284,75a78832b72f63411e60ac95ea759448cf61746f719c643c5c9bd63a0d040026,5664,105.1,82.0,60.0,UNCERTAIN,pending_rear_wing,PLA or PETG,medium,PREFERRED rear-wing candidate (user 2026-07-10). Shown in drawings [0]/[2] with built-in DRS-servo pocket + metal-rod linkage; mounts on the original spring-mount tower,GATE (rear wing + DRS): user 2026-07-10 - the OLD 2021 wing is the PREFERRED candidate (only one that visibly fits); DRS remains a goal; small interface parts may be diagnostic-printed (TP) to verify fit; nothing is production-final until wing + mount + DRS arm + diffuser/backplate + chosen rear stack are checked together
unsorted_stl_raw/Ryans Creations Open RC F1 Car/Car Body/2021 Upgrades/DECO Painting Parts/2021 front wing sides.stl,2021 front wing sides.stl,stl,11684,64fa504db9f56ff2af249246feb18430f5ad3c1b89b93b44784bafd4f5e32226,232,8.6,16.5,55.1,REJECTED_LIVERY,,,low,2021-era body/aero,
unsorted_stl_raw/Ryans Creations Open RC F1 Car/Car Body/2021 Upgrades/DECO Painting Parts/2021Rearwingflapdeco.stl,2021Rearwingflapdeco.stl,stl,46784,aced3ff22adff387e006a9f0896e4bbaa5364501e7f27e8cc8f06235e0516cd9,934,93.1,8.8,10.8,UNCERTAIN,pending_rear_wing,PLA,medium,Colour-split deco of the 2021 wing flap - only if the 2021 wing is chosen,GATE (rear wing + DRS): user 2026-07-10 - the OLD 2021 wing is the PREFERRED candidate (only one that visibly fits); DRS remains a goal; small interface parts may be diagnostic-printed (TP) to verify fit; nothing is production-final until wing + mount + DRS arm + diffuser/backplate + chosen rear stack are checked together
unsorted_stl_raw/Ryans Creations Open RC F1 Car/Car Body/2021 Upgrades/DECO Painting Parts/2021deco.stl,2021deco.stl,stl,765684,0048d1a1ee5864aa022cf80c313af94ac1ee0ff62044a6e08d178a572f5b4538,15312,51.2,47.1,16.0,REJECTED_LIVERY,,,low,2021-era body/aero,
unsorted_stl_raw/Ryans Creations Open RC F1 Car/Car Body/2023 Upgrades/2023 Front Wingsplit.stl,2023 Front Wingsplit.stl,stl,3303684,4186557d0766afb80190f1d3976f0890f6d690efcc307fd8460ac46783c1e2e7,66072,74.3,181.6,29.4,REJECTED_LIVERY,,,low,"2023-era body/aero (2023 top-body chassis line, not our 2024 shell)",
unsorted_stl_raw/Ryans Creations Open RC F1 Car/Car Body/2023 Upgrades/Print_In_Place DRSv2.stl,Print_In_Place DRSv2.stl,stl,4631684,b01fbbe0e835af294cdfaf389cf122b784c1a3bf70421d98ce66908099e1dc90,92632,120.0,50.0,83.2,UNCERTAIN,pending_rear_wing,PLA or PETG,high,Print-in-place DRS wing assembly v2 - newest DRS design but no drawing covers it; PIP hinge is a printability risk,GATE (rear wing + DRS): user 2026-07-10 - the OLD 2021 wing is the PREFERRED candidate (only one that visibly fits); DRS remains a goal; small interface parts may be diagnostic-printed (TP) to verify fit; nothing is production-final until wing + mount + DRS arm + diffuser/backplate + chosen rear stack are checked together
unsorted_stl_raw/Ryans Creations Open RC F1 Car/Car Body/2023 Upgrades/colour decoration/2023WINGDECO.stl,2023WINGDECO.stl,stl,410584,828d1a48a0c85fd38f693f395647c25c93304564d5e67a60808a930fd5d8ab04,8210,33.8,54.1,4.1,REJECTED_LIVERY,,,low,"2023-era body/aero (2023 top-body chassis line, not our 2024 shell)",
unsorted_stl_raw/Ryans Creations Open RC F1 Car/Car Body/2023 Upgrades/colour decoration/2023WINGDECO2.stl,2023WINGDECO2.stl,stl,420384,ef63df7cc27d8e70f46fc91ea9ea1240576b595bf3b5c10b97f488575c6b8e83,8406,38.8,54.9,3.4,REJECTED_LIVERY,,,low,"2023-era body/aero (2023 top-body chassis line, not our 2024 shell)",
unsorted_stl_raw/Ryans Creations Open RC F1 Car/Car Body/2023 Upgrades/colour decoration/2023WINGDECO3.stl,2023WINGDECO3.stl,stl,90584,e9eae95c2e1574b2c9bf898efe69a85ee3c7f72dfb7c5a05b9ea6a3c734b2932,1810,36.5,53.6,2.6,REJECTED_LIVERY,,,low,"2023-era body/aero (2023 top-body chassis line, not our 2024 shell)",
unsorted_stl_raw/Ryans Creations Open RC F1 Car/Car Body/Decoration Parts/2024 halo.stl,2024 halo.stl,stl,5635184,51476467af0a9c105c4c348583e30409623b2343099c1ad2af1e099131e99e1f,112702,54.3,82.0,18.7,REJECTED_SUPERSEDED,,,low,Superseded by new halo 2.1,
unsorted_stl_raw/Ryans Creations Open RC F1 Car/Car Body/Decoration Parts/Fullhelm2.stl,Fullhelm2.stl,stl,10567584,a8991ae6374a63a8c5bd05a6bb341fc1d4ca2c7401caac35b5b54dd54fb4b3a0,211350,28.1,35.0,30.0,OPTIONAL,optional,PLA,low,Cosmetic driver helmet,
unsorted_stl_raw/Ryans Creations Open RC F1 Car/Car Body/Decoration Parts/Mirrors 2024.stl,Mirrors 2024.stl,stl,605684,36a53488ce8f5ae6c371d54ecbad3870b0f408196052b3fb3a5ed562e2f5e314,12112,34.6,34.9,6.2,REJECTED_SUPERSEDED,,,low,Superseded by NEW BODY 2024 Mirror,
unsorted_stl_raw/Ryans Creations Open RC F1 Car/Car Body/Decoration Parts/camera 2 colour.stl,camera 2 colour.stl,stl,445084,75ad6d56c8ec60565b8f8a85f8a25af27c37e8723ee5ee07044cb74117348727,8900,26.3,14.9,12.6,UNCERTAIN,pending_camera,PETG or PLA,low,Dummy/alternative camera pod - probably unneeded (camera top 1.1 selected),"GATE C (research/design task): measure the REAL camera (SSC338Q+IMX335, on hand) and blower (in transit) with calipers - never trust product-page dims; full measurement checklist in FIRST_PRINT_DECISION.md"
unsorted_stl_raw/Ryans Creations Open RC F1 Car/Car Body/Decoration Parts/cameranose.stl,cameranose.stl,stl,41684,5554e90117779d5622ee214a6897f129b711e096f88e888da07920ef80b9ecb3,832,5.8,10.5,9.8,UNCERTAIN,pending_camera,PETG or PLA,low,Dummy/alternative camera pod - probably unneeded (camera top 1.1 selected),"GATE C (research/design task): measure the REAL camera (SSC338Q+IMX335, on hand) and blower (in transit) with calipers - never trust product-page dims; full measurement checklist in FIRST_PRINT_DECISION.md"
unsorted_stl_raw/Ryans Creations Open RC F1 Car/Car Body/Decoration Parts/cameratop.stl,cameratop.stl,stl,43984,d5e47d035335a3e066cf69177d5c17c65d2baccc4c05a6c030f60175938933df,878,6.1,11.5,10.7,REJECTED_SUPERSEDED,,,low,Superseded by camera top 1.1,
unsorted_stl_raw/Ryans Creations Open RC F1 Car/Car Body/Decoration Parts/cameratopsf23.stl,cameratopsf23.stl,stl,44084,71e00c415fbbfe0e00a12099d3c0a780727b2f5d9910dac9c9b4743ba1021da3,880,6.1,14.5,10.7,REJECTED_LIVERY,,,low,Ferrari SF23 variant,
unsorted_stl_raw/Ryans Creations Open RC F1 Car/Car Body/Decoration Parts/f104camera.stl,f104camera.stl,stl,377584,865d45685d33ba79ae8222cce45b30ff18633a158bd7e19d10d951dccd24b624,7550,26.3,15.0,10.8,UNCERTAIN,pending_camera,PETG or PLA,low,Dummy/alternative camera pod - probably unneeded (camera top 1.1 selected),"GATE C (research/design task): measure the REAL camera (SSC338Q+IMX335, on hand) and blower (in transit) with calipers - never trust product-page dims; full measurement checklist in FIRST_PRINT_DECISION.md"
unsorted_stl_raw/Ryans Creations Open RC F1 Car/Car Body/Decoration Parts/sf23horn.stl,sf23horn.stl,stl,19084,3c0684d536b1ad6e52a52a62483788dfdec990082752e1b5bfdabad101856a69,380,6.8,6.1,7.5,REJECTED_LIVERY,,,low,Ferrari SF23 variant,
unsorted_stl_raw/Ryans Creations Open RC F1 Car/Car Body/Decoration Parts/sf23sharkfin.stl,sf23sharkfin.stl,stl,2084,376def18c0ff045c33690b588b365cae03a2f418e485a3112addbc7796d3be2a,40,108.0,1.8,25.5,REJECTED_LIVERY,,,low,Ferrari SF23 variant,
unsorted_stl_raw/Ryans Creations Open RC F1 Car/Car Body/Decoration Parts/sharkfinnew2.stl,sharkfinnew2.stl,stl,15284,1d28e36d286f960ea40fffb95caf33e332a847b9589568e3e5c6539d095036bd,304,104.2,1.9,15.3,OPTIONAL,optional,PLA,medium,"Sharkfin (modern style); 1.9mm thin - fragile, cosmetic",confirm the 2024 body wants a separate sharkfin at all
unsorted_stl_raw/Ryans Creations Open RC F1 Car/Car Body/Decoration Parts/sharkfinnew2021.stl,sharkfinnew2021.stl,stl,1684,64e4626cf5f615b5cf4fe55b96ab381cece7056130a690a1b078d2820df1578b,32,104.2,2.0,15.6,REJECTED_LIVERY,,,low,2021-era body/aero,
unsorted_stl_raw/Ryans Creations Open RC F1 Car/Car Body/Decoration Parts/sidewingdeco.stl,sidewingdeco.stl,stl,31084,5ae4b904e8c170a230101a1d333f4afaf0cbfb05777fa405f48d4d6e41db1e24,620,22.5,1.0,37.3,OPTIONAL,optional,PLA,medium,Side wing decoration; 1mm thin,confirm fitment on 2024 body
unsorted_stl_raw/Ryans Creations Open RC F1 Car/Car Body/General Parts/2023 Top Body RB19.stl,2023 Top Body RB19.stl,stl,845084,b0690b4f1e41ef35c2bba49f0514c14a6556b5749e6984ae4100875b42e1e707,16900,132.7,45.0,120.1,REJECTED_LIVERY,,,low,"2023-era body/aero (2023 top-body chassis line, not our 2024 shell)",
unsorted_stl_raw/Ryans Creations Open RC F1 Car/Car Body/General Parts/2023 Top Body2.stl,2023 Top Body2.stl,stl,905684,19c83227d3fe17ed4e7760b9fdbb58a05d1569d990d2303f005318137815372f,18112,132.7,45.0,120.1,REJECTED_LIVERY,,,low,"2023-era body/aero (2023 top-body chassis line, not our 2024 shell)",
unsorted_stl_raw/Ryans Creations Open RC F1 Car/Car Body/General Parts/2023NewSidepodsopen.stl,2023NewSidepodsopen.stl,stl,1043884,b08e8ac8f24685aed53e9575c9643484ced9d86395b9a55028a3b462cd751053,20876,134.6,134.0,64.6,REJECTED_LIVERY,,,low,"2023-era body/aero (2023 top-body chassis line, not our 2024 shell)",
unsorted_stl_raw/Ryans Creations Open RC F1 Car/Car Body/General Parts/FRONTNOSE2023tighterpins.stl,FRONTNOSE2023tighterpins.stl,stl,425884,2fb4a64de31fbdd653b8afd398a9a3e764b0dc2c3d5c9250de4e9cebd0508417,8516,129.0,42.0,127.9,REJECTED_LIVERY,,,low,"2023-era body/aero (2023 top-body chassis line, not our 2024 shell)",
unsorted_stl_raw/Ryans Creations Open RC F1 Car/Car Body/General Parts/LargerturningvaneLeft.stl,LargerturningvaneLeft.stl,stl,128084,a845ba70a90ad9f5a90cc31798e973aa96f47f59ced9603aaac3931e3bcf3855,2560,19.9,47.9,15.1,REJECTED_LIVERY,,,low,"2023-era body/aero (2023 top-body chassis line, not our 2024 shell)",
unsorted_stl_raw/Ryans Creations Open RC F1 Car/Car Body/General Parts/LargerturningvaneRight.stl,LargerturningvaneRight.stl,stl,125284,d3a6678a91ae2bfc9c7ebce4bab4dd9344435af6c28773fea4b506a61d950107,2504,19.9,47.9,15.0,REJECTED_LIVERY,,,low,"2023-era body/aero (2023 top-body chassis line, not our 2024 shell)",
unsorted_stl_raw/Ryans Creations Open RC F1 Car/Car Body/General Parts/NewFrontNose2021_3.stl,NewFrontNose2021_3.stl,stl,114084,4ab91b11ab4c308cda087b1a6d189ca9e189bbe4d0c966b05cb7a61d007c74bf,2280,84.3,32.5,29.2,REJECTED_LIVERY,,,low,2021-era body/aero,
unsorted_stl_raw/Ryans Creations Open RC F1 Car/Car Body/General Parts/NewRearCovertighterholes.stl,NewRearCovertighterholes.stl,stl,277084,44ab54d8ff05e28b32e0fbfe79374e19a7c9b4ac4802d6cf453cdb327c746792,5540,111.1,105.2,62.1,REJECTED_SUPERSEDED,,,low,Old rear covers - 2024 REAR shell replaces them,
unsorted_stl_raw/Ryans Creations Open RC F1 Car/Car Body/General Parts/pin.stl,pin.stl,stl,37884,23f3ef2ee7335bbe85103808a4aa4d3712e9fd83c53489ceea80fc2d86ae307b,756,7.9,6.2,7.9,UNCERTAIN,pending_body_check,PLA or PETG,low,Body mounting pin,2024 body mounts with 3x M3 bolts (README) - pins probably unneeded; confirm no pin holes remain when shells are in the slicer
unsorted_stl_raw/Ryans Creations Open RC F1 Car/Car Body/General Parts/pinsf23.stl,pinsf23.stl,stl,46584,a452b41c5e4eee37c94682b05bde8fd76a4742535abbfddd14ca23e75fe5958f,930,7.9,8.0,7.9,REJECTED_LIVERY,,,low,Ferrari SF23 variant,
unsorted_stl_raw/Ryans Creations Open RC F1 Car/Car Body/General Parts/sf23topbody.stl,sf23topbody.stl,stl,770284,46d7fb390e306aae92d85d92310a70aeb1349bf2e4d7f6a1b939863164f97940,15404,132.8,49.2,120.1,REJECTED_LIVERY,,,low,Ferrari SF23 variant,
unsorted_stl_raw/Ryans Creations Open RC F1 Car/Car Body/Mechanical Parts/Newinvaxle2full.stl,Newinvaxle2full.stl,stl,82684,02da68a21dbf09c50baae2bd96dfbc34cae97c8d9c0c2d38824ecaf40c58ace0,1652,10.5,184.0,14.0,REJECTED_SUPERSEDED,,,low,Old invert-axle parts - belt-drive rear uses Left/Rightrearaxle,
unsorted_stl_raw/Ryans Creations Open RC F1 Car/Car Body/Mechanical Parts/newinvaxleextended.stl,newinvaxleextended.stl,stl,99384,56706fbc273991f37f6560597c5a5ceae778640818a625ae345e3de9c6c58968,1986,193.0,10.5,14.0,REJECTED_SUPERSEDED,,,low,Old invert-axle parts - belt-drive rear uses Left/Rightrearaxle,
unsorted_stl_raw/Ryans Creations Open RC F1 Car/Drawings for Installation/[0] FULL CAR EXPLODED VIEW.pdf,[0] FULL CAR EXPLODED VIEW.pdf,pdf,1085344,ad5fa5b88987df025fe2dea40840b7071ec5b5048a2fdc45c48b8f68af51b785,,,,,REFERENCE,,,low,Assembly drawing (not visually reviewed),
unsorted_stl_raw/Ryans Creations Open RC F1 Car/Drawings for Installation/[0] FULL CAR.pdf,[0] FULL CAR.pdf,pdf,858768,076690817e299259d619aea8010ebde996bc5b73479c438a5f38694bb1e81c33,,,,,REFERENCE,,,low,Assembly drawing (reviewed 2026-07-10; findings in ASSEMBLY_NOTES.md),
unsorted_stl_raw/Ryans Creations Open RC F1 Car/Drawings for Installation/[1] BODY ASSEMBLY.pdf,[1] BODY ASSEMBLY.pdf,pdf,709099,1e52deacd142fe495753dcfb7a8e46db3a466e1aa14ae1af670675646c40103e,,,,,REFERENCE,,,low,Assembly drawing (reviewed 2026-07-10; findings in ASSEMBLY_NOTES.md),
unsorted_stl_raw/Ryans Creations Open RC F1 Car/Drawings for Installation/[2] FLOOR ASSEMBLY.pdf,[2] FLOOR ASSEMBLY.pdf,pdf,720258,3f9389c1f7aa560c34a76e40876c36959f0bb48b855a41df26c186275f2ad0a8,,,,,REFERENCE,,,low,Assembly drawing (reviewed 2026-07-10; findings in ASSEMBLY_NOTES.md),
unsorted_stl_raw/Ryans Creations Open RC F1 Car/Drawings for Installation/[3] FRONT SUSPENSION ASSEMBLY.pdf,[3] FRONT SUSPENSION ASSEMBLY.pdf,pdf,522388,6cac0164b10c0eac1e3756227e03517c6472090241bdd521d5077200e3fc921a,,,,,REFERENCE,,,low,Assembly drawing (reviewed 2026-07-10; findings in ASSEMBLY_NOTES.md),
unsorted_stl_raw/Ryans Creations Open RC F1 Car/Experimental Parts/DRS Arm for 2021 Rear Wing.stl,DRS Arm for 2021 Rear Wing.stl,stl,66284,21c4d96c071f356a239552241455487d38fa60d2e2e3f5485e2c59b630a885d1,1324,58.0,5.0,10.0,UNCERTAIN,pending_rear_wing,PETG,medium,DRS actuation arm (58mm) for the 2021 wing,GATE (rear wing + DRS): user 2026-07-10 - the OLD 2021 wing is the PREFERRED candidate (only one that visibly fits); DRS remains a goal; small interface parts may be diagnostic-printed (TP) to verify fit; nothing is production-final until wing + mount + DRS arm + diffuser/backplate + chosen rear stack are checked together
unsorted_stl_raw/Ryans Creations Open RC F1 Car/Experimental Parts/DRS Arm for 2023 Rear Wing.stl,DRS Arm for 2023 Rear Wing.stl,stl,66284,10764a51892e2568ab02be129c95e92ab85c5d47bedbc5b5149374d04cd876fe,1324,63.8,5.0,10.0,UNCERTAIN,pending_rear_wing,PETG,medium,DRS actuation arm (63.8mm) for the 2023-style wing,GATE (rear wing + DRS): user 2026-07-10 - the OLD 2021 wing is the PREFERRED candidate (only one that visibly fits); DRS remains a goal; small interface parts may be diagnostic-printed (TP) to verify fit; nothing is production-final until wing + mount + DRS arm + diffuser/backplate + chosen rear stack are checked together
unsorted_stl_raw/Ryans Creations Open RC F1 Car/Floor/2021sidevent2.stl,2021sidevent2.stl,stl,131384,f4c417b3e37dfdf3c76d009a9fc48caa19f26a89799562399b4541b572b83529,2626,45.0,18.5,36.5,REJECTED_LIVERY,,,low,2021-era body/aero,
unsorted_stl_raw/Ryans Creations Open RC F1 Car/Floor/2023NEWSideVent1.stl,2023NEWSideVent1.stl,stl,215484,c96bd69361ec613658e8d20a0f5a50c8b1926dd7c67a163c9a6dcd6ab23421e3,4308,35.0,37.3,19.6,REQUIRED,05_PETG_floor,PETG,medium,Floor side vents; SideVent1 STL contains multiple bodies - import once,cross-check against drawing [2]
unsorted_stl_raw/Ryans Creations Open RC F1 Car/Floor/2023NEWSideVent2.stl,2023NEWSideVent2.stl,stl,260284,d96d263cb5de14f43e7d8b8d55a0f3e22cb8c31f6a2527c83db20c03475baf1e,5204,35.1,37.5,19.6,REQUIRED,05_PETG_floor,PETG,medium,Floor side vents; SideVent1 STL contains multiple bodies - import once,cross-check against drawing [2]
unsorted_stl_raw/Ryans Creations Open RC F1 Car/Floor/2023NewBackFloorLargerPart2.stl,2023NewBackFloorLargerPart2.stl,stl,178984,36a3b497a72fb97c4ff357da278068b18c0cc8430fc41402cfd615cf99193d88,3578,74.5,8.0,68.0,REQUIRED,05_PETG_floor,PETG,medium,Original floor set (NOT Revision 1.1 front floor),cross-check against drawing [2] FLOOR ASSEMBLY that no floor piece is missing
unsorted_stl_raw/Ryans Creations Open RC F1 Car/Floor/2023NewBackFloorLargerParts.stl,2023NewBackFloorLargerParts.stl,stl,593284,41527b9f30269606bf822c7d241ca89e47e24d4b0a79782fa8bdadd4482d0bdc,11864,116.8,8.0,137.0,REQUIRED,05_PETG_floor,PETG,medium,Original floor set (NOT Revision 1.1 front floor),cross-check against drawing [2] FLOOR ASSEMBLY that no floor piece is missing
unsorted_stl_raw/Ryans Creations Open RC F1 Car/Floor/2023NewFrontFloorLargerParts.stl,2023NewFrontFloorLargerParts.stl,stl,245784,b907e791fe1d41a23befe99096f25d105d6fbc4113f7527c8328be8c5bb79022,4914,182.0,8.0,137.0,REQUIRED,05_PETG_floor,PETG,medium,Original floor set (NOT Revision 1.1 front floor),cross-check against drawing [2] FLOOR ASSEMBLY that no floor piece is missing
unsorted_stl_raw/Ryans Creations Open RC F1 Car/Floor/DRS Diffuser.stl,DRS Diffuser.stl,stl,211784,849ad0e1db735954bd3f7734346a88688a1516694244c9cf3bf244038eb44044,4234,68.0,50.0,45.0,UNCERTAIN,pending_rear_wing,PETG,high,Floor diffuser variant for a DRS install - unclear which wing/stack it belongs to; compare against Diffuser.stl when the wing is chosen,GATE (rear wing + DRS): user 2026-07-10 - the OLD 2021 wing is the PREFERRED candidate (only one that visibly fits); DRS remains a goal; small interface parts may be diagnostic-printed (TP) to verify fit; nothing is production-final until wing + mount + DRS arm + diffuser/backplate + chosen rear stack are checked together
unsorted_stl_raw/Ryans Creations Open RC F1 Car/Floor/Diffuser.stl,Diffuser.stl,stl,244384,a2195f611325207f8eb89ade492b0c55ebd260daf170efda766da1d8fcc9f4a9,4886,68.0,50.0,40.0,REQUIRED,05_PETG_floor,PETG,medium,Original floor set (NOT Revision 1.1 front floor),cross-check against drawing [2] FLOOR ASSEMBLY that no floor piece is missing
unsorted_stl_raw/Ryans Creations Open RC F1 Car/Floor/FloorBoard2.stl,FloorBoard2.stl,stl,156384,6da24f3e91f7e4b491ad35150d0bab4acad5f8f33994247c2bba0bc5d318cb43,3126,112.6,2.0,19.0,REQUIRED,05_PETG_floor,PETG,medium,Original floor set (NOT Revision 1.1 front floor),cross-check against drawing [2] FLOOR ASSEMBLY that no floor piece is missing
unsorted_stl_raw/Ryans Creations Open RC F1 Car/Floor/Servoholder.stl,Servoholder.stl,stl,28284,46619b8b4d8238ca62c733a9ca1c80d0990a381d66ec75e91ab84a6da31098fc,564,22.9,10.0,58.0,REQUIRED,05_PETG_floor,PETG,medium,Steering-servo holder on the rear floor - drawing [2] labels it 'Servo Holder'; [3] shows the servo driving the servo-saver via a long rod (Gate D resolved 2026-07-10),"confirm the ordered DS3235SG (standard-size, in transit) fits the holder before printing the floor batch"
unsorted_stl_raw/Ryans Creations Open RC F1 Car/Front Suspension/2023WheelHubsSuspension5.stl,2023WheelHubsSuspension5.stl,stl,93284,0296aeadfe045a46f739adf6fd2bdd37235e1d12880511db5e1ba96c44f65376,1864,56.9,20.0,50.0,REQUIRED,03_PETG_front_suspension_steering,PETG,low,Original oil-shock front part (locked config),
unsorted_stl_raw/Ryans Creations Open RC F1 Car/Front Suspension/2023WheelHubsSuspension5mir.stl,2023WheelHubsSuspension5mir.stl,stl,93284,a73f5a11a4dab621e37e396000321725c99c00014328cfc42227ecdbbd38b325,1864,56.9,20.0,50.0,REQUIRED,03_PETG_front_suspension_steering,PETG,low,Original oil-shock front part (locked config),
unsorted_stl_raw/Ryans Creations Open RC F1 Car/Front Suspension/Arm4.stl,Arm4.stl,stl,104684,b890bbfa49689461ad07dbbb8854935d76281c2374b350623d8478f3d29c9527,2092,29.4,26.0,15.0,REQUIRED,03_PETG_front_suspension_steering,PETG,low,Original oil-shock front part (locked config),
unsorted_stl_raw/Ryans Creations Open RC F1 Car/Front Suspension/Crossarm3_extended.stl,Crossarm3_extended.stl,stl,22684,b3a9d19ab1ae98c015ae110829d00b6612b5d99befbd61a2ba871440e32b6c20,452,47.5,5.0,8.8,REQUIRED,03_PETG_front_suspension_steering,PETG,low,Original oil-shock front part (locked config),
unsorted_stl_raw/Ryans Creations Open RC F1 Car/Front Suspension/GuideRod.stl,GuideRod.stl,stl,62384,95515814340d1c752ca5a4aef74f2cf5916fddc2f09ca8733859f53f00a444ec,1246,6.2,6.8,6.2,REQUIRED,03_PETG_front_suspension_steering,PETG,low,Original oil-shock front part (locked config),
unsorted_stl_raw/Ryans Creations Open RC F1 Car/Front Suspension/Steering Block4.stl,Steering Block4.stl,stl,157984,7eb34e72b2e1582c05f1e7f816f5c896c8cf2f9db2c000d3a590560a9ac8515e,3158,31.0,17.0,30.0,REQUIRED,03_PETG_front_suspension_steering,PETG,low,Original oil-shock front part (locked config),
unsorted_stl_raw/Ryans Creations Open RC F1 Car/Front Suspension/Suspension Block_10.stl,Suspension Block_10.stl,stl,174784,f72fc2858d8aa7aa055eb5f6a422ff4eb1a007278269322d5d4b3a5ce3aaae61,3494,37.0,37.0,70.8,REQUIRED,03_PETG_front_suspension_steering,PETG,low,Original oil-shock front part (locked config),
unsorted_stl_raw/Ryans Creations Open RC F1 Car/Front Suspension/servosaverv7.stl,servosaverv7.stl,stl,4407084,4f99115ac1458dcffd61c8e5142b115edd0f9c3637f576ec898fe7c66f640291,88140,25.3,26.7,26.5,REQUIRED,03_PETG_front_suspension_steering,PETG,low,"Servo saver; STL contains multiple bodies - import once, do not duplicate",
unsorted_stl_raw/Ryans Creations Open RC F1 Car/Rear Suspension/Left Spacer for long axle.stl,Left Spacer for long axle.stl,stl,499084,69964687603cd659b3f3c50c949debb9f6c73da06bfc5b37c9af8efc87971848,9980,44.0,20.8,20.7,REQUIRED,02_ASA_rear_drivetrain,ASA black,medium,Rear axle spacer; rides inside 14mm metal sleeves,verify which spacer pairing the long axle actually needs at assembly
unsorted_stl_raw/Ryans Creations Open RC F1 Car/Rear Suspension/Leftrearaxle.3mf,Leftrearaxle.3mf,3mf,156284,d5b26ed6ee0f1e3f4ce1f17041f7f8d9c89c9b63a8a368b63689baa7096e9308,,,,,REFERENCE,,,low,Alternate format of selected Leftrearaxle.stl - use the STL,
unsorted_stl_raw/Ryans Creations Open RC F1 Car/Rear Suspension/Leftrearaxle.stl,Leftrearaxle.stl,stl,579884,b5b506bb4fbb381bf6e24ff6433f6d93d811a547734187c5e732466621a420de,11596,81.5,25.0,10.0,REQUIRED,02_ASA_rear_drivetrain,ASA black,medium,Original rear axle holders (bearing carriers); motor heat + torque; 100% rectilinear,do NOT print before Gate A: drawing [7] shows the Rev-1 rear stack seating the bearings in the Motor Covers instead - confirm these holders are still used on the chosen path
unsorted_stl_raw/Ryans Creations Open RC F1 Car/Rear Suspension/NewSpacerleft.stl,NewSpacerleft.stl,stl,499084,7efba6e815ea20c42ad627e3d16faff7140181b42d036bbe217f2f4c30e4b492,9980,30.0,20.7,20.7,REQUIRED,02_ASA_rear_drivetrain,ASA black,medium,Rear axle spacer; rides inside 14mm metal sleeves,verify which spacer pairing the long axle actually needs at assembly
unsorted_stl_raw/Ryans Creations Open RC F1 Car/Rear Suspension/NewSpacerright.stl,NewSpacerright.stl,stl,499084,24cf0da722a510adf11746358a3511a13e670ab6abe3169c990947df73138a03,9980,18.0,20.7,20.7,REQUIRED,02_ASA_rear_drivetrain,ASA black,medium,Rear axle spacer; rides inside 14mm metal sleeves,verify which spacer pairing the long axle actually needs at assembly
unsorted_stl_raw/Ryans Creations Open RC F1 Car/Rear Suspension/RearSpringMountREV4.stl,RearSpringMountREV4.stl,stl,135884,6985b00ff2264344b1435a93f1b7eb64584e1fd1f0d0dc5cc3a7256c520754a1,2716,36.0,42.0,36.0,UNCERTAIN,pending_rear_gate,ASA if selected,high,Revision spring-rear mount - only if rocker does NOT fit,"GATE A: confirm Spring mount 2 REVISION 1 seats the 68mm coilover in slicer; fits -> Rev-1/hybrid rear stack (drawing [7]: bearings seat in the Motor Covers, wing bolts to Diffuser backplate), else original stack (drawing [2]). Resolve TOGETHER with the rear-wing gate. Diagnostic TP prints of small candidates are allowed to resolve this (user 2026-07-10); production rear-stack prints stay blocked until confirmed"
unsorted_stl_raw/Ryans Creations Open RC F1 Car/Rear Suspension/Right Spacer for long axle.stl,Right Spacer for long axle.stl,stl,499084,843d4426ff7d894e24e02a73ee0d7face9eb062c35130621e197faeb75d1dc1f,9980,26.0,20.7,20.7,REQUIRED,02_ASA_rear_drivetrain,ASA black,medium,Rear axle spacer; rides inside 14mm metal sleeves,verify which spacer pairing the long axle actually needs at assembly
unsorted_stl_raw/Ryans Creations Open RC F1 Car/Rear Suspension/Rightrearaxle.stl,Rightrearaxle.stl,stl,316684,4713f34c0805e157c59db17f20b6693452274d368bcb7349da433c398a380fca,6332,81.5,35.0,10.0,REQUIRED,02_ASA_rear_drivetrain,ASA black,medium,Original rear axle holders (bearing carriers); motor heat + torque; 100% rectilinear,do NOT print before Gate A: drawing [7] shows the Rev-1 rear stack seating the bearings in the Motor Covers instead - confirm these holders are still used on the chosen path
unsorted_stl_raw/Ryans Creations Open RC F1 Car/Rear Suspension/beltdrivemotorlock.ipt,beltdrivemotorlock.ipt,ipt,256512,26aa86d5bdf3bb5a5dea26322c49f2f92b7da3b72c0e4992d36a59d0399730c7,,,,,REFERENCE,,,low,Autodesk Inventor CAD source,
unsorted_stl_raw/Ryans Creations Open RC F1 Car/Rear Suspension/beltdrivemotorlock.stl,beltdrivemotorlock.stl,stl,72084,87d14235d46ff3f278f12589e269f2bb420103f04992f94114da15966bca7ec1,1440,32.0,3.5,32.0,REQUIRED,02_ASA_rear_drivetrain,ASA black,low,Primary motor lock - the build is the original belt-drive solution (user 2026-07-10); 100% rectilinear,
unsorted_stl_raw/Ryans Creations Open RC F1 Car/Rear Suspension/newgearmotorlock.stl,newgearmotorlock.stl,stl,69084,ff541e5e38abded536ef37985adcc832f3dd6ae512534ecd9a116b084a858be3,1380,38.0,3.5,38.0,UNCERTAIN,pending_rear_gate,ASA if selected,medium,"Second motor lock - v2 listed both, but the build uses the original belt-drive solution and BOM v2 names only beltdrivemotorlock (demoted from REQUIRED, user 2026-07-10)",diagnostic print candidate: OK to TP-print for comparison; becomes REQUIRED only if drawing [7]/photos/assembly show it is used; does NOT block coupons or wheel-fit prints
unsorted_stl_raw/Ryans Creations Open RC F1 Car/Rear Suspension/springblock.stl,springblock.stl,stl,51884,84c24771240a2109e49c62b992386ca9ad2d0eaae417b8a1682f47720ae00a67,1036,35.0,10.0,58.0,UNCERTAIN,pending_rear_gate,ASA if selected,high,Revision spring-rear mount - only if rocker does NOT fit,"GATE A: confirm Spring mount 2 REVISION 1 seats the 68mm coilover in slicer; fits -> Rev-1/hybrid rear stack (drawing [7]: bearings seat in the Motor Covers, wing bolts to Diffuser backplate), else original stack (drawing [2]). Resolve TOGETHER with the rear-wing gate. Diagnostic TP prints of small candidates are allowed to resolve this (user 2026-07-10); production rear-stack prints stay blocked until confirmed"
